z,P(Z≤z)_empirica,P(Z≤z)_teorica,error_absoluto
-3.9,4.2e-05,4.8096344017602614e-05,6.096344017602617e-06
-3.89,4.4e-05,5.012211099618835e-05,6.122110996188349e-06
-3.8800000000000003,4.5e-05,5.222823240182007e-05,7.228232401820064e-06
-3.8700000000000006,4.7e-05,5.4417676633699595e-05,7.417676633699598e-06
-3.8600000000000008,4.8e-05,5.669351253425642e-05,8.693512534256416e-06
-3.850000000000001,5e-05,5.905891241892226e-05,9.058912418922257e-06
-3.840000000000001,5.2e-05,6.151715518325482e-05,9.517155183254827e-06
-3.8300000000000014,5.6e-05,6.407162948887409e-05,8.07162948887409e-06
-3.8200000000000016,5.7e-05,6.672583702968415e-05,9.72583702968415e-06
-3.810000000000002,6.3e-05,6.948339587986453e-05,6.483395879864533e-06
-3.800000000000002,6.8e-05,7.234804392511926e-05,4.3480439251192585e-06
-3.7900000000000023,7.3e-05,7.532364237868242e-05,2.3236423786824175e-06
-3.7800000000000025,7.8e-05,7.841417938358422e-05,4.141793835842262e-07
-3.7700000000000027,8.1e-05,8.16237737026852e-05,6.237737026851958e-07
-3.760000000000003,8.4e-05,8.495667849799683e-05,9.566784979968366e-07
-3.750000000000003,8.5e-05,8.841728520080269e-05,3.417285200802683e-06
-3.7400000000000033,8.9e-05,9.201012747410417e-05,3.0101274741041754e-06
-3.7300000000000035,9.4e-05,9.573988526891303e-05,1.7398852689130308e-06
-3.7200000000000037,9.8e-05,9.961138897591501e-05,1.6113889759150174e-06
-3.710000000000004,0.000104,0.00010362962367402931,3.7037632597068226e-07
-3.700000000000004,0.000108,0.0001077997334773863,2.0026652261368968e-07
-3.6900000000000044,0.000109,0.00011212702598224489,3.1270259822448784e-06
-3.6800000000000046,0.000114,0.00011661697681536618,2.616976815366173e-06
-3.670000000000005,0.000118,0.00012127523428535566,3.2752342853556676e-06
-3.660000000000005,0.000121,0.00012610762413848423,5.107624138484226e-06
-3.6500000000000052,0.00013,0.00013112015442048186,1.1201544204818704e-06
-3.6400000000000055,0.000132,0.00013631902044579892,4.319020445798914e-06
-3.6300000000000057,0.000135,0.000141710609875816,6.710609875815995e-06
-3.620000000000006,0.000141,0.00014730150790746914,6.301507907469127e-06
-3.610000000000006,0.000145,0.00015309850257375144,8.098502573751444e-06
-3.6000000000000063,0.000151,0.00015910859015752973,8.108590157529722e-06
-3.5900000000000065,0.000161,0.0001653389807201053,4.338980720105303e-06
-3.5800000000000067,0.00017,0.00017179710374592603,1.7971037459260175e-06
-3.570000000000007,0.000173,0.0001784906139048426,5.4906139048426005e-06
-3.560000000000007,0.000184,0.00018542739693327282,1.4273969332728156e-06
-3.5500000000000074,0.000191,0.00019261557563562783,1.6155756356278183e-06
-3.5400000000000076,0.000193,0.00020006351600731435,7.063516007314348e-06
-3.530000000000008,0.0002,0.00020777983348061512,7.779833480615114e-06
-3.520000000000008,0.000205,0.00021577339929471082,1.0773399294710821e-05
-3.5100000000000082,0.000208,0.00022405334699108565,1.6053346991085662e-05
-3.5000000000000084,0.000212,0.0002326290790355173,2.062907903551729e-05
-3.4900000000000087,0.000225,0.00024151027356782801,1.651027356782802e-05
-3.480000000000009,0.000231,0.00025070689128052904,1.970689128052904e-05
-3.470000000000009,0.000242,0.00026022918242745753,1.822918242745753e-05
-3.4600000000000093,0.000247,0.0002700876939634653,2.3087693963465337e-05
-3.4500000000000095,0.000257,0.00028029327681616757,2.329327681616756e-05
-3.4400000000000097,0.000268,0.00029085709329073256,2.285709329073255e-05
-3.43000000000001,0.000276,0.00030179062460862635,2.579062460862636e-05
-3.42000000000001,0.000289,0.00031310567858118825,2.410567858118827e-05
-3.4100000000000104,0.000302,0.0003248143974188654,2.2814397418865356e-05
-3.4000000000000106,0.000313,0.0003369292656768676,2.3929265676867558e-05
-3.390000000000011,0.000324,0.0003494631183379573,2.546311833795731e-05
-3.380000000000011,0.000333,0.0003624291490330288,2.942914903302879e-05
-3.370000000000011,0.00035,0.00037584091840006743,2.584091840006743e-05
-3.3600000000000114,0.000361,0.00038971236258201477,2.871236258201478e-05
-3.3500000000000116,0.00038,0.00040405780186400405,2.4057801864004033e-05
-3.340000000000012,0.000394,0.0004188919494503518,2.489194945035181e-05
-3.330000000000012,0.00041,0.0004342299203816365,2.4229920381636533e-05
-3.3200000000000123,0.000426,0.0004500872405920973,2.40872405920973e-05
-3.3100000000000125,0.000441,0.000466479856107528,2.547985610752804e-05
-3.3000000000000127,0.000454,0.00048342414238375484,2.942414238375486e-05
-3.290000000000013,0.000471,0.0005009369137856987,2.9936913785698685e-05
-3.280000000000013,0.000492,0.0005190354332069478,2.703543320694776e-05
-3.2700000000000133,0.000506,0.0005377374218296686,3.1737421829668524e-05
-3.2600000000000136,0.000517,0.0005570610690245941,4.006106902459407e-05
-3.2500000000000138,0.000535,0.0005770250423907392,4.202504239073925e-05
-3.240000000000014,0.000556,0.0005976484979343864,4.1648497934386464e-05
-3.230000000000014,0.000578,0.000618951090386804,4.095109038680406e-05
-3.2200000000000144,0.000609,0.0006409529836600238,3.19529836600239e-05
-3.2100000000000146,0.000633,0.0006636748614399339,3.067486143993388e-05
-3.200000000000015,0.000649,0.0006871379379158126,3.813793791581266e-05
-3.190000000000015,0.000673,0.0007113639686453265,3.836396864532652e-05
-3.1800000000000153,0.000695,0.0007363752615538914,4.137526155389146e-05
-3.1700000000000155,0.000725,0.0007621946880671933,3.7194688067193333e-05
-3.1600000000000157,0.000743,0.0007888456943755304,4.584569437553047e-05
-3.150000000000016,0.000776,0.000816352312828517,4.0352312828517006e-05
-3.140000000000016,0.000808,0.0008447391734585819,3.673917345858185e-05
-3.1300000000000163,0.000837,0.0008740315156315184,3.703151563151847e-05
-3.1200000000000165,0.000863,0.0009042551998222888,4.125519982228873e-05
-3.1100000000000168,0.000895,0.0009354367195140462,4.043671951404625e-05
-3.100000000000017,0.000929,0.0009676032132183009,3.860321321830088e-05
-3.090000000000017,0.00096,0.0010007824766139514,4.078247661395138e-05
-3.0800000000000174,0.000995,0.0010350029748027805,4.0002974802780516e-05
-3.0700000000000176,0.001029,0.0010702938546788604,4.1293854678860426e-05
-3.060000000000018,0.001064,0.0011066849574091796,4.268495740917958e-05
-3.050000000000018,0.001108,0.001144206831022629,3.6206831022628965e-05
-3.0400000000000182,0.001147,0.0011828907431043337,3.589074310433372e-05
-3.0300000000000185,0.001188,0.0012227686935921858,3.4768693592185764e-05
-3.0200000000000187,0.001228,0.0012638734276722212,3.587342767222127e-05
-3.010000000000019,0.001275,0.0013062384487693866,3.123844876938651e-05
-3.000000000000019,0.001314,0.0013498980316300094,3.5898031630009295e-05
-2.9900000000000193,0.001376,0.0013948872354921616,1.8887235492161562e-05
-2.9800000000000195,0.001422,0.0014412419173399221,1.9241917339922043e-05
-2.9700000000000197,0.001473,0.001488998745237369,1.5998745237369135e-05
-2.96000000000002,0.001519,0.001538195211737957,1.919521173795709e-05
-2.95000000000002,0.001582,0.0015888696473647633,6.8696473647632e-06
-2.9400000000000204,0.001634,0.001641061234156887,7.061234156887069e-06
-2.9300000000000206,0.001679,0.0016948100192771475,1.5810019277147586e-05
-2.920000000000021,0.00175,0.0017501569286759834,1.5692867598340703e-07
-2.910000000000021,0.001821,0.0018071437808063072,1.3856219193692735e-05
-2.9000000000000212,0.001892,0.001865813300383912,2.6186699616088027e-05
-2.8900000000000214,0.001963,0.001926209132187729,3.6790867812270915e-05
-2.8800000000000217,0.002028,0.0019883758548941873,3.9624145105812605e-05
-2.870000000000022,0.002084,0.0020523589949396114,3.164100506038853e-05
-2.860000000000022,0.002149,0.0021182050404044707,3.0794959595529126e-05
-2.8500000000000223,0.002226,0.0021859614549130865,4.003854508691359e-05
-2.8400000000000225,0.002299,0.002255676691542161,4.332330845783876e-05
-2.8300000000000227,0.002378,0.002327400206731385,5.059979326861499e-05
-2.820000000000023,0.002435,0.002401182474189078,3.3817525810921935e-05
-2.810000000000023,0.002518,0.0024770749987856823,4.0925001214317525e-05
-2.8000000000000234,0.002603,0.002555130330427746,4.786966957225384e-05
-2.7900000000000236,0.002678,0.0026354020779047606,4.259792209523926e-05
-2.780000000000024,0.002762,0.0027179449227010587,4.405507729894143e-05
-2.770000000000024,0.002848,0.00280281463276482,4.518536723517987e-05
-2.760000000000024,0.002936,0.00289006807622593,4.593192377406975e-05
-2.7500000000000244,0.003039,0.002979763235054332,5.9236764945667843e-05
-2.7400000000000246,0.00313,0.0030719592186502624,5.80407813497376e-05
-2.730000000000025,0.003243,0.003166716277357555,7.628372264244492e-05
-2.720000000000025,0.003335,0.003264095815891063,7.090418410893697e-05
-2.7100000000000253,0.003447,0.003364160406668936,8.283959333106388e-05
-2.7000000000000255,0.003547,0.0034669738030404006,8.00261969595992e-05
-2.6900000000000257,0.00366,0.003572600952399462,8.739904760053825e-05
-2.680000000000026,0.003763,0.003681108009174696,8.189199082530392e-05
-2.670000000000026,0.003896,0.0037925623476851933,0.00010343765231480683
-2.6600000000000263,0.004009,0.003907032574852471,0.00010196742514752971
-2.6500000000000266,0.004119,0.004024588542757989,9.441145724201159e-05
-2.6400000000000268,0.004243,0.004145301361035711,9.769863896428883e-05
-2.630000000000027,0.004398,0.004269243409089012,0.00012875659091098838
-2.620000000000027,0.004514,0.004396488348120961,0.00011751165187903843
-2.6100000000000274,0.004641,0.004527111132966959,0.0001138888670330412
-2.6000000000000276,0.004757,0.004661188023718374,9.581197628162619e-05
-2.590000000000028,0.004901,0.004798796597125789,0.00010220340287421092
-2.580000000000028,0.005027,0.004940015757770247,8.698424222975364e-05
-2.5700000000000283,0.005178,0.005084925748990623,9.307425100937763e-05
-2.5600000000000285,0.005325,0.005233608163555357,9.139183644464328e-05
-2.5500000000000287,0.005472,0.005386145954066243,8.585404593375746e-05
-2.540000000000029,0.005637,0.005542623443082142,9.43765569178575e-05
-2.530000000000029,0.005801,0.005703126332950217,9.787366704978265e-05
-2.5200000000000293,0.005977,0.005867741715332074,0.00010925828466792561
-2.5100000000000295,0.006139,0.006036558080412152,0.00010244191958784857
-2.5000000000000298,0.006336,0.006209665325775613,0.0001263346742243869
-2.49000000000003,0.006524,0.006387154764942635,0.0001368452350573651
-2.48000000000003,0.006694,0.006569119135546203,0.00012488086445379756
-2.4700000000000304,0.00689,0.006755652607140075,0.00013434739285992509
-2.4600000000000306,0.007082,0.006946850788623722,0.0001351492113762778
-2.450000000000031,0.007278,0.007142810735270806,0.0001351892647291934
-2.440000000000031,0.007483,0.0073436309553477136,0.0001393690446522865
-2.4300000000000312,0.007666,0.007549411416308552,0.00011658858369144841
-2.4200000000000315,0.007889,0.007760253550552967,0.0001287464494470333
-2.4100000000000317,0.008121,0.007976260260733036,0.00014473973926696325
-2.400000000000032,0.008336,0.008197535924595415,0.00013846407540458495
-2.390000000000032,0.008567,0.008424186399344953,0.00014281360065504685
-2.3800000000000323,0.008818,0.008656319025515785,0.00016168097448421466
-2.3700000000000325,0.009061,0.008894042630335988,0.00016695736966401177
-2.3600000000000327,0.009289,0.009137467530571866,0.00015153246942813461
-2.350000000000033,0.00955,0.00938670553483774,0.000163294465162259
-2.340000000000033,0.009774,0.009641869945357472,0.00013213005464252775
-2.3300000000000334,0.010004,0.009903075559163364,0.00010092444083663679
-2.3200000000000336,0.010286,0.010170438668718761,0.00011556133128123869
-2.310000000000034,0.01059,0.01044407706195015,0.00014592293804985106
-2.300000000000034,0.010867,0.010724110021674836,0.00014288997832516415
-2.2900000000000342,0.011161,0.011010658324410389,0.00015034167558961205
-2.2800000000000344,0.011438,0.011303844238551767,0.00013415576144823298
-2.2700000000000347,0.01174,0.011603791521902475,0.00013620847809752562
-2.260000000000035,0.012045,0.011910625418545978,0.0001343745814540217
-2.250000000000035,0.012366,0.012224472655043592,0.00014152734495640786
-2.2400000000000353,0.012722,0.012545461435945421,0.00017653856405457947
-2.2300000000000355,0.013015,0.01287372143860084,0.0001412785613991597
-2.2200000000000357,0.013347,0.013209383807255058,0.00013761619274494166
-2.210000000000036,0.013707,0.013552581146418724,0.00015441885358127676
-2.200000000000036,0.014039,0.013903447513497329,0.00013555248650267034
-2.1900000000000364,0.014394,0.014262118410667553,0.00013188158933244779
-2.1800000000000366,0.014772,0.014628730775987898,0.00014326922401210196
-2.170000000000037,0.015174,0.015003422973730798,0.00017057702626920197
-2.160000000000037,0.015528,0.015386334783924007,0.00014166521607599306
-2.150000000000037,0.015918,0.015777607391089032,0.00014039260891096986
-2.1400000000000374,0.016321,0.016177383372164587,0.00014361662783541132
-2.1300000000000376,0.016738,0.016585806683603453,0.00015219331639654624
-2.120000000000038,0.017198,0.017003022647631195,0.0001949773523688067
-2.110000000000038,0.017645,0.01742917793765544,0.000215822062344561
-2.1000000000000383,0.018097,0.01786442056281486,0.0002325794371851389
-2.0900000000000385,0.018546,0.01830889985165723,0.00023710014834276913
-2.0800000000000387,0.01899,0.01876276643493598,0.00022723356506402018
-2.070000000000039,0.019509,0.019226172227515458,0.000282827772484541
-2.060000000000039,0.020002,0.019699270409375018,0.00030272959062498106
-2.0500000000000393,0.020484,0.020182215405702468,0.0003017845942975307
-2.0400000000000396,0.020956,0.020675162866068082,0.0002808371339319167
-2.0300000000000398,0.021466,0.021178269642670243,0.000287730357329756
-2.02000000000004,0.021968,0.02169169376764471,0.0002763062323552917
-2.01000000000004,0.022474,0.022215594429429344,0.00025840557057065644
-2.0000000000000404,0.022994,0.022750131948177002,0.00024386805182299853
-1.9900000000000406,0.023537,0.023295467750209572,0.0002415322497904271
-1.9800000000000408,0.02407,0.023851764341506224,0.00021823565849377752
-1.970000000000041,0.024614,0.024419185280220183,0.0001948147197798171
-1.9600000000000413,0.025192,0.02499789514821802,0.00019410485178197878
-1.9500000000000415,0.025789,0.025588059521636137,0.00020094047836386256
-1.9400000000000417,0.026371,0.026189844940450135,0.00018115505954986386
-1.930000000000042,0.026961,0.026803418877052357,0.00015758112294764204
-1.9200000000000421,0.027576,0.027428949703834152,0.00014705029616584805
-1.9100000000000423,0.028193,0.02806660665976978,0.00012639334023021795
-1.9000000000000425,0.028867,0.028716559815999004,0.00015044018400099668
-1.8900000000000428,0.029509,0.029378980040406556,0.00013001995959344495
-1.880000000000043,0.030196,0.03005403896119686,0.00014196103880314073
-1.8700000000000432,0.030895,0.030741908929462967,0.0001530910705370321
-1.8600000000000434,0.031563,0.03144276298074964,0.00012023701925036046
-1.8500000000000436,0.032294,0.032156774795610556,0.00013722520438944757
-1.8400000000000438,0.033028,0.032884118659160654,0.00014388134083934828
-1.830000000000044,0.033778,0.03362496941962503,0.0001530305803749757
-1.8200000000000442,0.034506,0.03437950244588663,0.0001264975541133695
-1.8100000000000445,0.035296,0.035147893584035354,0.0001481064159646467
-1.8000000000000447,0.036087,0.03593031911292227,0.00015668088707773004
-1.7900000000000449,0.036926,0.036726955698722676,0.00019904430127732492
-1.780000000000045,0.037733,0.0375379803485131,0.00019501965148690376
-1.7700000000000453,0.038524,0.03836357036286746,0.00016042963713254477
-1.7600000000000455,0.039413,0.039203903287478796,0.00020909671252120066
-1.7500000000000457,0.040292,0.040059156863813145,0.00023284313618685687
-1.740000000000046,0.041196,0.040929508978803326,0.000266491021196677
-1.7300000000000462,0.042069,0.04181513761359081,0.0002538623864091899
-1.7200000000000464,0.042939,0.042716220791324734,0.0002227792086752639
-1.7100000000000466,0.043817,0.04363293652402758,0.0001840634759724194
-1.7000000000000468,0.044721,0.04456546275853864,0.0001555372414613551
-1.690000000000047,0.045645,0.0455139773215453,0.00013102267845469667
-1.6800000000000472,0.046642,0.046478657863715425,0.00016334213628457772
-1.6700000000000474,0.047653,0.04745968180294262,0.00019331819705738218
-1.6600000000000477,0.048694,0.04845722626671803,0.0002367737332819725
-1.6500000000000479,0.049721,0.0494714680336432,0.00024953196635680436
-1.640000000000048,0.050659,0.05050258347409871,0.00015641652590129423
-1.6300000000000483,0.051678,0.05155074849008425,0.00012725150991575035
-1.6200000000000485,0.05278,0.05261613845424683,0.00016386154575317308
-1.6100000000000487,0.053903,0.053698928148114396,0.00020407185188560384
-1.600000000000049,0.054967,0.05479929169955257,0.00016770830044743334
-1.5900000000000492,0.056048,0.05591740251946391,0.0001305974805360932
-1.5800000000000494,0.057178,0.05705343323774855,0.00012456676225144903
-1.5700000000000496,0.05835,0.05820755563854723,0.000142444361452769
-1.5600000000000498,0.059458,0.059379940594787115,7.805940521288246e-05
-1.55000000000005,0.060579,0.06057075800205302,8.241997946981106e-06
-1.5400000000000502,0.061808,0.06178017671180577,2.7823288194228635e-05
-1.5300000000000504,0.063051,0.06300836446397219,4.263553602780468e-05
-1.5200000000000506,0.064243,0.06425548781892947,1.2487818929471373e-05
-1.5100000000000509,0.065533,0.06552171208891001,1.1287911089979952e-05
-1.500000000000051,0.066804,0.06680720126885147,3.2012688514632126e-06
-1.4900000000000513,0.068137,0.06811211796671872,2.4882033281284355e-05
-1.4800000000000515,0.069483,0.06943662333332484,4.637666667516027e-05
-1.4700000000000517,0.070797,0.07078087699167852,1.6123008321475285e-05
-1.460000000000052,0.072192,0.07214503696588664,4.6963034113362e-05
-1.4500000000000521,0.073564,0.07352925960964109,3.4740390358917184e-05
-1.4400000000000523,0.074976,0.07493369953431965,4.230046568035051e-05
-1.4300000000000526,0.076399,0.07635850953673154,4.049046326845551e-05
-1.4200000000000528,0.077787,0.0778038405265387,1.6840526538705602e-05
-1.410000000000053,0.079219,0.07926984145338462,5.084145338461743e-05
-1.4000000000000532,0.080716,0.08075665923376313,4.0659233763132296e-05
-1.3900000000000534,0.082265,0.08226443867766087,5.613223391376376e-07
-1.3800000000000536,0.083895,0.08379332241500603,0.0001016775849939644
-1.3700000000000538,0.085371,0.08534345082195854,2.754917804145829e-05
-1.360000000000054,0.08699,0.08691496194707643,7.50380529235678e-05
-1.3500000000000543,0.088557,0.08850799143739335,4.900856260664499e-05
-1.3400000000000545,0.090199,0.09012267246444361,7.632753555639193e-05
-1.3300000000000547,0.091822,0.09175913565027183,6.286434972817279e-05
-1.320000000000055,0.093405,0.09341750899346263,1.2508993462626017e-05
-1.3100000000000551,0.095142,0.09509791779522969,4.408220477031266e-05
-1.3000000000000553,0.096828,0.09680048458560092,2.7515414399076343e-05
-1.2900000000000555,0.098611,0.09852532904973815,8.567095026185134e-05
-1.2800000000000558,0.100385,0.10027256795443235,0.0001124320455676564
-1.270000000000056,0.102156,0.10204231507480926,0.00011368492519073237
-1.2600000000000562,0.103962,0.10383468112129024,0.000127318878709759
-1.2500000000000564,0.105729,0.10564977366684497,7.922633315503302e-05
-1.2400000000000566,0.107549,0.1074876970745764,6.130292542361193e-05
-1.2300000000000568,0.1095,0.10934855242568137,0.00015144757431863332
-1.220000000000057,0.111403,0.1112324374478238,0.00017056255217620664
-1.2100000000000573,0.113365,0.11313944644396629,0.00022555355603370852
-1.2000000000000575,0.115346,0.11506967022169717,0.0002763297783028307
-1.1900000000000577,0.117317,0.11702319602309741,0.00029380397690259574
-1.180000000000058,0.119316,0.11900010745518919,0.00031589254481081963
-1.170000000000058,0.121344,0.12100048442100653,0.00034351557899346685
-1.1600000000000583,0.123369,0.12302440305133155,0.0003445969486684519
-1.1500000000000585,0.125401,0.12507193563713814,0.00032906436286186946
-1.1400000000000587,0.127532,0.12714315056278608,0.0003888494372139284
-1.130000000000059,0.129643,0.12923811224000548,0.0004048877599945322
-1.1200000000000592,0.131724,0.1313568810427181,0.00036711895728192
-1.1100000000000594,0.1339,0.1334995132427344,0.000400486757265589
-1.1000000000000596,0.136096,0.13566606094636968,0.0004299390536303127
-1.0900000000000598,0.138285,0.13785657203202234,0.0004284279679776515
-1.08000000000006,0.140422,0.14007109008875568,0.0003509099112443126
-1.0700000000000602,0.142661,0.14230965435592563,0.00035134564407438007
-1.0600000000000604,0.144951,0.1445722996638959,0.0003787003361040986
-1.0500000000000607,0.147307,0.14685905637588198,0.00044794362411801347
-1.0400000000000609,0.149565,0.1491699503309673,0.0003950496690326988
-1.030000000000061,0.151855,0.1515050027883294,0.0003499972116705885
-1.0200000000000613,0.15419,0.15386423037272035,0.0003257696272796484
-1.0100000000000615,0.156531,0.15624764502123983,0.0002833549787601697
-1.0000000000000617,0.158997,0.1586552539314421,0.00034174606855791323
-0.9900000000000619,0.16152,0.16108705951081576,0.00043294048918424144
-0.9800000000000622,0.163952,0.16354305932767704,0.00040894067232294384
-0.9700000000000624,0.166395,0.16602324606351404,0.0003717539364859468
-0.9600000000000626,0.168933,0.1685276074668221,0.00040539253317789514
-0.9500000000000628,0.171409,0.1710561263084659,0.0003528736915341113
-0.940000000000063,0.173975,0.17360878033860838,0.0003662196613916091
-0.9300000000000632,0.176552,0.17618554224524158,0.00036645775475840914
-0.9200000000000634,0.179148,0.17878637961435512,0.0003616203856448841
-0.9100000000000636,0.18177,0.1814112548917805,0.0003587451082194826
-0.9000000000000639,0.184417,0.1840601253467425,0.00035687465325751067
-0.8900000000000641,0.187145,0.18673294303715543,0.0004120569628445758
-0.8800000000000643,0.189783,0.1894296547766947,0.00035334522330529583
-0.8700000000000645,0.19255,0.1921502021036786,0.0003997978963213855
-0.8600000000000647,0.195349,0.19489452125179052,0.00045447874820947476
-0.8500000000000649,0.198174,0.19766254312267428,0.0005114568773257056
-0.8400000000000651,0.20093,0.2004541932604314,0.0004758067395685961
-0.8300000000000654,0.20382,0.20326939182804993,0.0005506081719500733
-0.8200000000000656,0.206713,0.20610805358579437,0.0006049464142056371
-0.8100000000000658,0.209659,0.20897008787158272,0.0006889121284172905
-0.800000000000066,0.212642,0.21185539858337754,0.0007866014166224566
-0.7900000000000662,0.215593,0.2147638841636178,0.0008291158363822049
-0.7800000000000664,0.218489,0.21769543758571358,0.0007935624142864084
-0.7700000000000666,0.221492,0.22064994634262985,0.0008420536573701398
-0.7600000000000668,0.224487,0.2236272924375795,0.0008597075624204864
-0.7500000000000671,0.227506,0.226627352376848,0.0008786476231520124
-0.7400000000000673,0.230558,0.2296499971647702,0.0009080028352298208
-0.7300000000000675,0.23361,0.23269509230087682,0.0009149076991231964
-0.7200000000000677,0.236649,0.2357624977792303,0.0008865022207696915
-0.7100000000000679,0.239747,0.23885206808996567,0.0008949319100343134
-0.7000000000000681,0.242899,0.24196365222305172,0.0009353477769482865
-0.6900000000000683,0.246064,0.245097093674288,0.0009669063257120025
-0.6800000000000685,0.249126,0.24825223045354883,0.0008737695464511586
-0.6700000000000688,0.252264,0.2514288950952882,0.0008351049047117809
-0.660000000000069,0.255574,0.25462691467131404,0.0009470853286859815
-0.6500000000000692,0.258856,0.2578461108058424,0.001009889194157565
-0.6400000000000694,0.26212,0.26108629969283903,0.0010337003071609896
-0.6300000000000696,0.265464,0.2643472921156548,0.0011167078843452027
-0.6200000000000698,0.268754,0.26762889346896,0.0011251065310399766
-0.61000000000007,0.272052,0.27093090378298246,0.0011210962170175587
-0.6000000000000703,0.275366,0.2742531177500501,0.0011128822499498758
-0.5900000000000705,0.278738,0.2775953247534413,0.0011426752465586998
-0.5800000000000707,0.282115,0.28095730889854054,0.0011576911014594682
-0.5700000000000709,0.285461,0.28433884904630014,0.0011221509536998853
-0.5600000000000711,0.288816,0.28773971884900273,0.0010762811509972825
-0.5500000000000713,0.292247,0.29115968678832194,0.0010873132116780426
-0.5400000000000715,0.295686,0.29459851621567335,0.0010874837843266594
-0.5300000000000717,0.299159,0.2980559653948516,0.001103034605148434
-0.520000000000072,0.302639,0.3015317875469411,0.0011072124530588923
-0.5100000000000722,0.306054,0.30502573089749413,0.0010282691025058632
-0.5000000000000724,0.309507,0.3085375387259614,0.0009694612740385744
-0.4900000000000726,0.312988,0.3120669494173649,0.0009210505826350857
-0.4800000000000728,0.316396,0.3156136965161967,0.0007823034838033149
-0.470000000000073,0.319915,0.3191775087825297,0.0007374912174702986
-0.46000000000007324,0.323493,0.3227581102503214,0.0007348897496785578
-0.45000000000007345,0.327179,0.32635522028789354,0.0008237797121064538
-0.44000000000007367,0.330826,0.329968553660567,0.0008574463394330212
-0.4300000000000739,0.334434,0.33359782059543075,0.0008361794045692594
-0.4200000000000741,0.337985,0.33724272684822243,0.0007422731517775505
-0.4100000000000743,0.341651,0.3409029737722954,0.0007480262277045902
-0.4000000000000745,0.345323,0.3445782583896484,0.0007447416103515958
-0.39000000000007473,0.349027,0.34826827346399,0.0007587265360100015
-0.38000000000007494,0.352825,0.35197270757580945,0.0008522924241905483
-0.37000000000007516,0.356518,0.3556912451994253,0.0008267548005747027
-0.36000000000007537,0.360268,0.35942356678198056,0.0008444332180194136
-0.3500000000000756,0.363878,0.3631693488243526,0.0007086511756473901
-0.3400000000000758,0.367518,0.3669282639639434,0.0005897360360566095
-0.330000000000076,0.371314,0.3706999810593178,0.0006140189406821928
-0.3200000000000762,0.375196,0.37448416527665107,0.0007118347233489031
-0.31000000000007644,0.37896,0.37828047817795163,0.0006795218220483901
-0.30000000000007665,0.382818,0.3820885778110181,0.0007294221889818653
-0.29000000000007686,0.386638,0.38590811880109327,0.0007298811989067122
-0.2800000000000771,0.390438,0.3897387524441732,0.0006992475558267874
-0.2700000000000773,0.394243,0.3935801268019308,0.000662873198069236
-0.2600000000000775,0.398153,0.3974318867982096,0.0007211132017903576
-0.2500000000000777,0.402025,0.4012936743170462,0.0007313256829538095
-0.24000000000007793,0.405825,0.40516512830217394,0.0006598716978260533
-0.23000000000007814,0.409793,0.4090458848579638,0.0007471151420362365
-0.22000000000007836,0.413681,0.4129355773517549,0.0007454226482451198
-0.21000000000007857,0.417511,0.41683383651752703,0.0006771634824729866
-0.20000000000007878,0.421535,0.42074029056086615,0.000794709439133845
-0.190000000000079,0.425358,0.4246545652651736,0.0007034347348264247
-0.1800000000000792,0.429227,0.42857628409906817,0.000650715900931853
-0.17000000000007942,0.433259,0.43250506832493035,0.0007539316750696523
-0.16000000000007963,0.437172,0.4364405371085358,0.0007314628914641963
-0.15000000000007985,0.441061,0.44038230762972597,0.0006786923702740144
-0.14000000000008006,0.445005,0.44432999519406197,0.0006750048059380176
-0.13000000000008027,0.448911,0.4482832133454071,0.000627786654592899
-0.12000000000008049,0.452876,0.45224157397938425,0.0006344260206157526
-0.1100000000000807,0.456864,0.4562046874576512,0.0006593125423488
-0.10000000000008091,0.460811,0.4601721627229389,0.0006388372770610995
-0.09000000000008113,0.464698,0.46414360741479566,0.0005543925852043441
-0.08000000000008134,0.468609,0.46811862798598025,0.0004903720140197465
-0.07000000000008155,0.47249,0.47209682981944645,0.00039317018055357034
-0.060000000000081766,0.476435,0.4760778173458606,0.00035718265413942074
-0.05000000000008198,0.480456,0.4800611941615949,0.0003948058384051212
-0.04000000000008219,0.48444,0.48404656314713645,0.0003934368528635268
-0.030000000000082405,0.488432,0.48803352658585447,0.00039847341414550597
-0.02000000000008262,0.492382,0.4920216862830651,0.00036031371693490133
-0.010000000000082832,0.496426,0.4960106436853354,0.00041535631466460554
-8.304468224196171e-14,0.500394,0.49999999999996686,0.0003940000000331456
0.009999999999916742,0.50442,0.5039893563145984,0.00043064368540157716
0.01999999999991653,0.508431,0.5079783137168686,0.00045268628313133163
0.029999999999916316,0.512495,0.5119664734140793,0.00052852658592073
0.0399999999999161,0.516436,0.5159534368527973,0.0004825631472027414
0.04999999999991589,0.520327,0.519938805838339,0.00038819416166102627
0.059999999999915676,0.524341,0.5239221826540733,0.00041881734592663644
0.06999999999991546,0.528318,0.5279031701804875,0.00041482981951246334
0.07999999999991525,0.532241,0.5318813720139537,0.00035962798604627366
0.08999999999991504,0.53622,0.5358563925851384,0.00036360741486163306
0.09999999999991482,0.540117,0.5398278372769951,0.00028916272300483215
0.10999999999991461,0.544085,0.543795312542283,0.0002896874577170694
0.1199999999999144,0.548042,0.5477584260205499,0.00028357397945011353
0.12999999999991418,0.55203,0.5517167866545272,0.0003132133454728514
0.13999999999991397,0.556049,0.5556700048058725,0.00037899519412754046
0.14999999999991376,0.560115,0.5596176923702085,0.0004973076297914991
0.15999999999991354,0.564007,0.5635594628913988,0.00044753710860123697
0.16999999999991333,0.567956,0.5674949316750043,0.00046106832499570594
0.17999999999991312,0.571824,0.5714237159008666,0.0004002840991333967
0.1899999999999129,0.575722,0.5753454347347613,0.00037656526523865974
0.1999999999999127,0.579773,0.5792597094390689,0.0005132905609310789
0.20999999999991248,0.583738,0.5831661634824081,0.0005718365175918505
0.21999999999991227,0.587728,0.5870644226481805,0.0006635773518195442
0.22999999999991205,0.591552,0.5909541151419717,0.0005978848580282525
0.23999999999991184,0.59538,0.5948348716977617,0.0005451283022382958
0.24999999999991163,0.599214,0.5987063256828895,0.000507674317110518
0.2599999999999114,0.603003,0.6025681132017263,0.0004348867982736371
0.2699999999999112,0.606858,0.6064198731980054,0.0004381268019946205
0.279999999999911,0.610668,0.610261247555763,0.00040675244423693524
0.2899999999999108,0.614481,0.6140918811988432,0.0003891188011568847
0.29999999999991056,0.618236,0.6179114221889185,0.00032457781108152783
0.30999999999991035,0.622062,0.6217195218219852,0.0003424781780148045
0.31999999999991013,0.625905,0.625515834723286,0.0003891652767140652
0.3299999999999099,0.629792,0.6293000189406195,0.0004919810593805307
0.3399999999999097,0.633561,0.6330717360359941,0.0004892639640059482
0.3499999999999095,0.637234,0.6368306511755851,0.00040334882441483977
0.3599999999999093,0.640986,0.6405764332179573,0.0004095667820426252
0.36999999999990907,0.644818,0.6443087548005129,0.0005092451994871405
0.37999999999990886,0.64845,0.6480272924241289,0.0004227075758710397
0.38999999999990864,0.652165,0.6517317265359486,0.0004332734640514202
0.39999999999990843,0.655863,0.6554217416102904,0.00044125838970954234
0.4099999999999082,0.659527,0.6590970262276438,0.00042997377235620693
0.419999999999908,0.663088,0.6627572731517168,0.00033072684828316934
0.4299999999999078,0.666695,0.6664021794045087,0.00029282059549129436
0.4399999999999076,0.670285,0.6700314463393728,0.00025355366062718154
0.44999999999990736,0.673907,0.6736447797120466,0.00026222028795341856
0.45999999999990715,0.677576,0.677241889749619,0.0003341102503809923
0.46999999999990694,0.68115,0.680822491217411,0.0003275087825890255
0.4799999999999067,0.684844,0.6843863034837443,0.0004576965162557123
0.4899999999999065,0.688402,0.6879330505825764,0.000468949417423592
0.4999999999999063,0.692014,0.6914624612739801,0.0005515387260198734
0.5099999999999061,0.6956,0.6949742691024476,0.0006257308975523568
0.5199999999999059,0.699217,0.6984682124530011,0.0007487875469989191
0.5299999999999057,0.702585,0.7019440346050909,0.0006409653949090988
0.5399999999999054,0.705977,0.7054014837842694,0.0005755162157305982
0.5499999999999052,0.709435,0.7088403132116211,0.0005946867883789286
0.559999999999905,0.712878,0.7122602811509406,0.0006177188490593677
0.5699999999999048,0.716133,0.7156611509536436,0.00047184904635644287
0.5799999999999046,0.719548,0.7190426911014034,0.0005053088985965681
0.5899999999999044,0.72293,0.7224046752465031,0.0005253247534968697
0.5999999999999042,0.726231,0.7257468822498945,0.00048411775010548386
0.609999999999904,0.729581,0.7290690962169625,0.0005119037830375595
0.6199999999999037,0.732912,0.7323711065309852,0.0005408934690147582
0.6299999999999035,0.736189,0.7356527078842909,0.0005362921157090472
0.6399999999999033,0.739395,0.738913700307107,0.00048129969289301133
0.6499999999999031,0.742643,0.742153889194104,0.0004891108058960869
0.6599999999999029,0.745883,0.7453730853286327,0.0005099146713672953
0.6699999999999027,0.748998,0.7485711049046588,0.0004268950953412176
0.6799999999999025,0.752172,0.7517477695463985,0.0004242304536014041
0.6899999999999022,0.755275,0.7549029063256598,0.00037209367434021257
0.699999999999902,0.758404,0.7580363477768963,0.00036765222310364276
0.7099999999999018,0.76153,0.7611479319099829,0.00038206809001717357
0.7199999999999016,0.764548,0.7642375022207185,0.00031049777928149336
0.7299999999999014,0.767623,0.7673049076990723,0.00031809230092771923
0.7399999999999012,0.770624,0.7703500028351795,0.0002739971648204609
0.749999999999901,0.773567,0.773372647623102,0.00019435237689802154
0.7599999999999008,0.776603,0.776372707562371,0.00023029243762906493
0.7699999999999005,0.77963,0.7793500536573209,0.0002799463426791382
0.7799999999999003,0.782561,0.7823045624142375,0.0002564375857624368
0.7899999999999001,0.785499,0.7852361158363337,0.000262884163666266
0.7999999999998999,0.788416,0.7881446014165743,0.0002713985834257304
0.8099999999998997,0.791358,0.7910299121283696,0.0003280878716304114
0.8199999999998995,0.794146,0.7938919464141583,0.0002540535858417403
0.8299999999998993,0.796904,0.7967306081719031,0.00017339182809683606
0.839999999999899,0.799737,0.799545806739522,0.00019119326047800644
0.8499999999998988,0.802568,0.8023374568772794,0.0002305431227205279
0.8599999999998986,0.805293,0.8051054787481637,0.00018752125183629786
0.8699999999998984,0.80805,0.807849797896276,0.00020020210372406755
0.8799999999998982,0.810745,0.8105703452232602,0.00017465477673983543
0.889999999999898,0.813455,0.8132670569628,0.00018794303720004457
0.8999999999998978,0.81612,0.8159398746532134,0.00018012534678657488
0.9099999999998976,0.818795,0.8185887451081757,0.00020625489182435341
0.9199999999998973,0.821503,0.8212136203856015,0.00028937961439845505
0.9299999999998971,0.824077,0.8238144577547155,0.00026254224528443615
0.9399999999998969,0.826588,0.826391219661349,0.00019678033865100364
0.9499999999998967,0.829146,0.8289438736914919,0.00020212630850813262
0.9599999999998965,0.831725,0.8314723925331362,0.00025260746686384117
0.9699999999998963,0.834304,0.8339767539364445,0.00032724606355549746
0.9799999999998961,0.836786,0.836456940672282,0.0003290593277179843
0.9899999999998959,0.839173,0.8389129404891436,0.0002600595108563919
0.9999999999998956,0.841531,0.8413447460685177,0.0001862539314823053
1.0099999999998954,0.843853,0.8437523549787204,0.00010064502127959951
1.0199999999998952,0.846252,0.8461357696272402,0.00011623037275976245
1.029999999999895,0.848598,0.8484949972116316,0.00010300278836838928
1.0399999999998948,0.850947,0.8508300496689942,0.00011695033100578289
1.0499999999998946,0.8532,0.8531409436240798,5.9056375920185644e-05
1.0599999999998944,0.855471,0.8554277003360664,4.329966393357143e-05
1.0699999999998941,0.857763,0.857690345644037,7.265435596304215e-05
1.079999999999894,0.859929,0.8599289099112073,9.008879275906878e-08
1.0899999999998937,0.862167,0.8621434279679411,2.357203205893832e-05
1.0999999999998935,0.864357,0.8643339390535941,2.306094640591727e-05
1.1099999999998933,0.866542,0.8665004867572298,4.1513242770241376e-05
1.119999999999893,0.868669,0.8686431189572466,2.5881042753472805e-05
1.1299999999998929,0.870844,0.8707618877599597,8.21122400402885e-05
1.1399999999998927,0.872937,0.8728568494371793,8.01505628206245e-05
1.1499999999998924,0.875015,0.8749280643628277,8.693563717232511e-05
1.1599999999998922,0.877063,0.8769755969486346,8.740305136545334e-05
1.169999999999892,0.87917,0.8789995155789601,0.00017048442103995143
1.1799999999998918,0.881169,0.8809998925447778,0.00016910745522213944
1.1899999999998916,0.88316,0.88297680397687,0.0001831960231299945
1.1999999999998914,0.885135,0.8849303297782707,0.00020467022172931948
1.2099999999998912,0.887034,0.8868605535560018,0.0001734464439981931
1.219999999999891,0.888913,0.8887675625521447,0.0001454374478552234
1.2299999999998907,0.890801,0.8906514475742875,0.00014955242571246252
1.2399999999998905,0.892571,0.8925123029253927,5.869707460726126e-05
1.2499999999998903,0.894408,0.8943502263331247,5.777366687531593e-05
1.25999999999989,0.896264,0.8961653188786798,9.868112132016549e-05
1.2699999999998899,0.898074,0.8979576849251611,0.00011631507483889081
1.2799999999998897,0.899822,0.8997274320455386,9.456795446138866e-05
1.2899999999998895,0.901548,0.9014746709502329,7.33290497670902e-05
1.2999999999998892,0.903318,0.9031995154143706,0.0001184845856293526
1.309999999999889,0.904984,0.9049020822047422,8.191779525779097e-05
1.3199999999998888,0.906664,0.9065824910065097,8.150899349035345e-05
1.3299999999998886,0.90835,0.9082408643497009,0.0001091356502991303
1.3399999999998884,0.91001,0.9098773275355294,0.00013267246447057346
1.3499999999998882,0.911661,0.91149200856258,0.00016899143742010736
1.359999999999888,0.913223,0.9130850380528972,0.00013796194710280485
1.3699999999998878,0.914771,0.9146565491780154,0.00011445082198457968
1.3799999999998875,0.916289,0.9162066775849684,8.232241503158821e-05
1.3899999999998873,0.917864,0.9177355613223139,0.00012843867768608241
1.3999999999998871,0.919374,0.919243340766212,0.00013065923378807742
1.409999999999887,0.920818,0.920730158546591,8.784145340900995e-05
1.4199999999998867,0.922388,0.9221961594734371,0.00019184052656284756
1.4299999999998865,0.923809,0.9236414904632446,0.0001675095367553725
1.4399999999998863,0.925246,0.9250663004656569,0.00017969953434315844
1.449999999999886,0.926609,0.9264707403903358,0.00013825960966418194
1.4599999999998858,0.92804,0.9278549630340905,0.0001850369659094353
1.4699999999998856,0.929401,0.929219123008299,0.00018187699170102434
1.4799999999998854,0.930779,0.930563376666653,0.00021562333334701478
1.4899999999998852,0.932151,0.9318878820332595,0.00026311796674050036
1.499999999999885,0.933392,0.933192798731127,0.00019920126887296163
1.5099999999998848,0.934668,0.9344782879110688,0.0001897120889312598
1.5199999999998846,0.935945,0.9357445121810497,0.00020048781895032342
1.5299999999998843,0.937307,0.9369916355360073,0.0003153644639927178
1.5399999999998841,0.938573,0.938219823288174,0.00035317671182599764
1.549999999999884,0.939749,0.9394292419979271,0.0003197580020728452
1.5599999999998837,0.940917,0.9406200594051932,0.0002969405948067827
1.5699999999998835,0.9421,0.9417924443614334,0.0003075556385666589
1.5799999999998833,0.943236,0.9429465667622324,0.0002894332377675335
1.589999999999883,0.944291,0.9440825974805174,0.00020840251948262
1.5999999999998828,0.945417,0.945200708300429,0.0002162916995709363
1.6099999999998826,0.946517,0.9463010718518675,0.00021592814813253813
1.6199999999998824,0.947609,0.9473838615457353,0.00022513845426475054
1.6299999999998822,0.948658,0.9484492515098982,0.00020874849010177332
1.639999999999882,0.949727,0.949497416525884,0.00022958347411594637
1.6499999999998818,0.950756,0.9505285319663398,0.0002274680336602497
1.6599999999998816,0.951754,0.9515427737332652,0.0002112262667347542
1.6699999999998814,0.95275,0.952540318197041,0.0002096818029589942
1.6799999999998811,0.953696,0.9535213421362684,0.00017465786373160874
1.689999999999881,0.954686,0.9544860226784389,0.00019997732156118442
1.6999999999998807,0.955613,0.9554345372414458,0.0001784627585542653
1.7099999999998805,0.956588,0.956367063475957,0.0002209365240429806
1.7199999999998803,0.957445,0.9572837792086603,0.00016122079133973344
1.72999999999988,0.958368,0.9581848623863943,0.00018313761360566616
1.7399999999998799,0.9592,0.9590704910211821,0.000129508978817916
1.7499999999998797,0.960075,0.9599408431361726,0.0001341568638274504
1.7599999999998794,0.960993,0.9607960967125071,0.00019690328749288888
1.7699999999998792,0.961752,0.9616364296371187,0.00011557036288134537
1.779999999999879,0.962572,0.9624620196514733,0.00010998034852671701
1.7899999999998788,0.963422,0.963273044301264,0.00014895569873596415
1.7999999999998786,0.964236,0.9640696808870646,0.00016631911293540913
1.8099999999998784,0.965012,0.9648521064159518,0.00015989358404822074
1.8199999999998782,0.965799,0.9656204975541007,0.00017850244589923125
1.829999999999878,0.966534,0.9663750305803626,0.0001589694196374447
1.8399999999998777,0.96724,0.9671158813408272,0.00012411865917283382
1.8499999999998775,0.967995,0.9678432252043775,0.00015177479562256124
1.8599999999998773,0.968684,0.9685572370192386,0.000126762980761419
1.869999999999877,0.969404,0.9692580910705255,0.00014590892947452527
1.8799999999998769,0.970085,0.9699459610387918,0.00013903896120814885
1.8899999999998767,0.97074,0.9706210199595824,0.00011898004041765997
1.8999999999998765,0.971409,0.9712834401839902,0.00012555981600981259
1.9099999999998762,0.972087,0.9719333933402196,0.00015360665978048083
1.919999999999876,0.972718,0.9725710502961553,0.00014694970384465655
1.9299999999998758,0.973314,0.9731965811229374,0.000117418877062625
1.9399999999998756,0.973923,0.9738101550595397,0.00011284494046026605
1.9499999999998754,0.974507,0.974411940478354,9.505952164601261e-05
1.9599999999998752,0.975086,0.9750021048517723,8.389514822770838e-05
1.969999999999875,0.975703,0.9755808147197703,0.00012218528022966968
1.9799999999998747,0.976289,0.9761482356584844,0.0001407643415155535
1.9899999999998745,0.976829,0.9767045322497813,0.00012446775021868195
1.9999999999998743,0.977399,0.977249868051814,0.00014913194818599873
2.009999999999874,0.97791,0.9777844055705619,0.00012559442943804733
2.019999999999874,0.978428,0.9783083062323467,0.00011969376765330608
2.0299999999998737,0.978903,0.9788217303573213,8.126964267862746e-05
2.0399999999998735,0.979403,0.9793248371339237,7.816286607631451e-05
2.0499999999998733,0.979931,0.9798177845942895,0.00011321540571052058
2.059999999999873,0.980415,0.9803007295906171,0.00011427040938294386
2.069999999999873,0.980894,0.9807738277724768,0.00012017222752325196
2.0799999999998726,0.981391,0.9812372335650564,0.00015376643494358078
2.0899999999998724,0.981829,0.9816911001483353,0.0001378998516646801
2.099999999999872,0.982282,0.9821355794371779,0.0001464205628221027
2.109999999999872,0.982689,0.9825708220623374,0.00011817793766266682
2.1199999999998718,0.983103,0.9829969773523618,0.00010602264763814873
2.1299999999998716,0.983527,0.9834141933163897,0.00011280668361035584
2.1399999999998713,0.983892,0.9838226166278287,6.938337217132773e-05
2.149999999999871,0.984282,0.9842223926089044,5.96073910955619e-05
2.159999999999871,0.98466,0.9846136652160695,4.633478393045731e-05
2.1699999999998707,0.985075,0.9849965770262629,7.842297373716889e-05
2.1799999999998705,0.985469,0.985371269224006,9.773077599406488e-05
2.1899999999998703,0.985828,0.9857378815893264,9.011841067363413e-05
2.19999999999987,0.986227,0.9860965524864967,0.00013044751350321793
2.20999999999987,0.986573,0.9864474188535756,0.00012558114642446938
2.2199999999998696,0.986892,0.9867906161927393,0.00010138380726065765
2.2299999999998694,0.987263,0.9871262785613937,0.00013672143860632424
2.239999999999869,0.987612,0.9874545385640492,0.00015746143595085638
2.249999999999869,0.987918,0.9877755273449511,0.0001424726550488531
2.259999999999869,0.988223,0.9880893745814489,0.00013362541855110877
2.2699999999998686,0.988509,0.9883962084780925,0.00011279152190746267
2.2799999999998684,0.988775,0.9886961557614433,7.884423855664124e-05
2.289999999999868,0.989047,0.9889893416755848,5.7658324415177375e-05
2.299999999999868,0.989314,0.9892758899783205,3.811002167952715e-05
2.3099999999998677,0.989604,0.9895559229380453,4.807706195475436e-05
2.3199999999998675,0.989876,0.9898295613312768,4.643866872322544e-05
2.3299999999998673,0.990154,0.9900969244408322,5.707555916778517e-05
2.339999999999867,0.990431,0.9903581300546382,7.286994536170877e-05
2.349999999999867,0.990701,0.9906132944651581,8.770553484194199e-05
2.3599999999998666,0.990965,0.990862532469424,0.00010246753057596703
2.3699999999998664,0.991192,0.99110595736966,8.60426303399553e-05
2.3799999999998662,0.991413,0.9913436809744803,6.931902551965408e-05
2.389999999999866,0.99164,0.9915758136006513,6.418639934868686e-05
2.399999999999866,0.99188,0.9918024640754008,7.753592459913694e-05
2.4099999999998656,0.9921,0.9920237397392633,7.626026073670467e-05
2.4199999999998654,0.992319,0.9922397464494435,7.925355055649064e-05
2.429999999999865,0.99253,0.992450588583688,7.94114163120696e-05
2.439999999999865,0.99274,0.9926563690446489,8.363095535102172e-05
2.4499999999998647,0.992955,0.9928571892647259,9.781073527415085e-05
2.4599999999998645,0.993163,0.9930531492113731,0.00010985078862690845
2.4699999999998643,0.993332,0.9932443473928568,8.76526071431627e-05
2.479999999999864,0.993497,0.9934308808644507,6.611913554921411e-05
2.489999999999864,0.993655,0.9936128452350543,4.215476494562331e-05
2.4999999999998637,0.993821,0.9937903346742215,3.066532577844505e-05
2.5099999999998635,0.993976,0.993963441919585,1.2558080415003836e-05
2.5199999999998632,0.994134,0.9941322582846651,1.741715334846461e-06
2.529999999999863,0.994318,0.9942968736670471,2.112633295292543e-05
2.539999999999863,0.994492,0.9944573765569152,3.4623443084802474e-05
2.5499999999998626,0.994655,0.9946138540459312,4.1145954068788626e-05
2.5599999999998624,0.994791,0.9947663918364421,2.4608163557870988e-05
2.569999999999862,0.994947,0.9949150742510069,3.1925748993133496e-05
2.579999999999862,0.995076,0.9950599842422274,1.6015757772547268e-05
2.5899999999998617,0.995221,0.9952012034028719,1.979659712814108e-05
2.5999999999998615,0.995336,0.9953388119762794,2.8119762793821224e-06
2.6099999999998613,0.995503,0.9954728888670309,3.0111132969135035e-05
2.619999999999861,0.995636,0.9956035116518769,3.24883481230831e-05
2.629999999999861,0.99576,0.9957307565909089,2.9243409091050943e-05
2.6399999999998607,0.995882,0.9958546986389623,2.730136103779035e-05
2.6499999999998605,0.996001,0.99597541145724,2.5588542760024424e-05
2.6599999999998603,0.996125,0.9960929674251456,3.2032574854401474e-05
2.66999999999986,0.996242,0.9962074376523129,3.456234768706157e-05
2.67999999999986,0.996338,0.9963188919908235,1.910800917648281e-05
2.6899999999998596,0.996433,0.9964273990475988,5.600952401207948e-06
2.6999999999998594,0.996535,0.9965330261969578,1.973803042121247e-06
2.709999999999859,0.996636,0.9966358395933294,1.6040667061290037e-07
2.719999999999859,0.996748,0.9967359041841073,1.2095815892676498e-05
2.7299999999998588,0.996844,0.9968332837226408,1.0716277359157367e-05
2.7399999999998585,0.996924,0.9969280407813482,4.040781348191302e-06
2.7499999999998583,0.997003,0.9970202367649441,1.7236764944139615e-05
2.759999999999858,0.997098,0.9971099319237726,1.1931923772579012e-05
2.769999999999858,0.997195,0.9971971853672338,2.1853672337313057e-06
2.7799999999998577,0.997285,0.9972820550772975,2.944922702474706e-06
2.7899999999998575,0.997372,0.9973645979220939,7.4020779061712005e-06
2.7999999999998573,0.997447,0.9974448696695709,2.1303304290620773e-06
2.809999999999857,0.997543,0.9975229250012131,2.007499878686758e-05
2.819999999999857,0.997626,0.9975988175258097,2.718247419031261e-05
2.8299999999998566,0.997718,0.9976725997932674,4.5400206732604254e-05
2.8399999999998564,0.997784,0.9977443233084566,3.9676691543366616e-05
2.849999999999856,0.997847,0.9978140385450858,3.296145491427094e-05
2.859999999999856,0.997932,0.9978817949595944,5.020504040564866e-05
2.8699999999998558,0.997989,0.9979476410050593,4.135899494073225e-05
2.8799999999998556,0.998053,0.9980116241451048,4.137585489516482e-05
2.8899999999998554,0.998109,0.9980737908678112,3.5209132188795955e-05
2.899999999999855,0.998155,0.9981341866996151,2.0813300384947553e-05
2.909999999999855,0.998206,0.9981928562191927,1.3143780807300942e-05
2.9199999999998547,0.998253,0.9982498430713231,3.156928676806281e-06
2.9299999999998545,0.998312,0.9983051899807219,6.810019278047363e-06
2.9399999999998543,0.998358,0.9983589387658423,9.387658422843614e-07
2.949999999999854,0.998425,0.9984111303526344,1.3869647365605253e-05
2.959999999999854,0.998474,0.9984618047882612,1.2195211738785794e-05
2.9699999999998536,0.998533,0.9985110012547618,2.1998745238227535e-05
2.9799999999998534,0.99858,0.9985587580826593,2.1241917340764083e-05
2.989999999999853,0.998635,0.998605112764507,2.9887235493020192e-05
2.999999999999853,0.998676,0.9986501019683692,2.589803163077775e-05
3.009999999999853,0.998731,0.9986937615512299,3.7238448770127164e-05
3.0199999999998526,0.998774,0.9987361265723271,3.787342767291868e-05
3.0299999999998524,0.998816,0.9987772313064072,3.876869359287216e-05
3.039999999999852,0.998858,0.998817109256895,4.0890743104982086e-05
3.049999999999852,0.998896,0.9988557931689768,4.02068310232373e-05
3.0599999999998517,0.998937,0.9988933150425902,4.368495740980638e-05
3.0699999999998515,0.998969,0.9989297061453205,3.929385467948965e-05
3.0799999999998513,0.998998,0.9989649970251966,3.300297480346437e-05
3.089999999999851,0.999041,0.9989992175233855,4.178247661446033e-05
3.099999999999851,0.999075,0.9990323967867811,4.260321321891691e-05
3.1099999999998507,0.999095,0.9990645632804854,3.043671951452609e-05
3.1199999999998504,0.99913,0.9990957448001772,3.4255199822808e-05
3.1299999999998502,0.999158,0.999125968484368,3.2031515632025e-05
3.13999999999985,0.999188,0.9991552608265409,3.273917345902877e-05
3.14999999999985,0.99922,0.999183647687171,3.635231282894669e-05
3.1599999999998496,0.999251,0.999211154305624,3.984569437598395e-05
3.1699999999998494,0.999272,0.9992378053119324,3.4194688067645806e-05
3.179999999999849,0.999293,0.9992636247384457,2.93752615543319e-05
3.189999999999849,0.999316,0.9992886360313543,2.7363968645666148e-05
3.1999999999998487,0.999343,0.9993128620620838,3.0137937916174806e-05
3.2099999999998485,0.999368,0.9993363251385596,3.167486144040055e-05
3.2199999999998483,0.999387,0.9993590470163396,2.7952983660428643e-05
3.229999999999848,0.999411,0.9993810489096129,2.9951090387170254e-05
3.239999999999848,0.999434,0.9994023515020652,3.1648497934799735e-05
3.2499999999998477,0.999456,0.9994229749576089,3.302504239111048e-05
3.2599999999998475,0.999477,0.9994429389309751,3.406106902481554e-05
3.2699999999998473,0.999489,0.9994622625781701,2.673742182990324e-05
3.279999999999847,0.999499,0.9994809645667927,1.8035433207330698e-05
3.289999999999847,0.999524,0.9994990630862141,2.493691378591123e-05
3.2999999999998466,0.999538,0.999516575857616,2.142414238404111e-05
3.3099999999998464,0.999548,0.9995335201438922,1.4479856107807443e-05
3.319999999999846,0.999565,0.9995499127594076,1.5087240592404072e-05
3.329999999999846,0.999578,0.9995657700796181,1.2229920381856552e-05
3.3399999999998458,0.999597,0.9995811080505494,1.5891949450508314e-05
3.3499999999998455,0.999609,0.9995959421981357,1.3057801864224672e-05
3.3599999999998453,0.999623,0.9996102876374178,1.2712362582267822e-05
3.369999999999845,0.99963,0.9996241590815997,5.840918400279449e-06
3.379999999999845,0.999647,0.9996375708509667,9.42914903323544e-06
3.3899999999998447,0.999665,0.9996505368816618,1.4463118338192693e-05
3.3999999999998445,0.999676,0.9996630707343229,1.2929265677086299e-05
3.4099999999998443,0.999688,0.999675185602581,1.2814397419069756e-05
3.419999999999844,0.9997,0.9996868943214187,1.3105678581371016e-05
3.429999999999844,0.99972,0.9996982093753912,2.1790624608830633e-05
3.4399999999998436,0.99973,0.9997091429067091,2.0857093290915785e-05
3.4499999999998434,0.999738,0.9997197067231837,1.829327681635018e-05
3.459999999999843,0.999749,0.9997299123060364,1.908769396363752e-05
3.469999999999843,0.999759,0.9997397708175724,1.9229182427582536e-05
3.4799999999998428,0.999765,0.9997492931087193,1.5706891280720114e-05
3.4899999999998426,0.999769,0.999758489726432,1.05102735680207e-05
3.4999999999998423,0.999779,0.9997673709209643,1.1629079035624379e-05
3.509999999999842,0.999787,0.9997759466530087,1.1053346991252155e-05
3.519999999999842,0.999795,0.9997842266007052,1.0773399294783381e-05
3.5299999999998417,0.999803,0.9997922201665193,1.0779833480745182e-05
3.5399999999998415,0.999812,0.9997999364839926,1.206351600746558e-05
3.5499999999998413,0.999824,0.9998073844243642,1.6615575635814395e-05
3.559999999999841,0.999831,0.9998145726030666,1.6427396933416105e-05
3.569999999999841,0.999838,0.999821509386095,1.6490613904962537e-05
3.5799999999998406,0.999846,0.999828202896254,1.7797103746053367e-05
3.5899999999998404,0.999849,0.9998346610192798,1.4338980720229877e-05
3.59999999999984,0.999854,0.9998408914098423,1.3108590157684397e-05
3.60999999999984,0.999863,0.9998469014974262,1.6098502573780316e-05
3.61999999999984,0.99987,0.9998526984920925,1.7301507907574454e-05
3.6299999999998396,0.999874,0.9998582893901241,1.571060987592965e-05
3.6399999999998394,0.999879,0.9998636809795541,1.5319020445825338e-05
3.649999999999839,0.999882,0.9998688798455795,1.3120154420565022e-05
3.659999999999839,0.999888,0.9998738923758614,1.4107624138559594e-05
3.6699999999998387,0.999892,0.9998787247657146,1.327523428540367e-05
3.6799999999998385,0.999896,0.9998833830231846,1.2616976815427172e-05
3.6899999999998383,0.999902,0.9998878729740177,1.41270259822468e-05
3.699999999999838,0.999909,0.9998922002665226,1.6799733477457224e-05
3.709999999999838,0.999914,0.999896370376326,1.7629623674020323e-05
3.7199999999998377,0.999917,0.999900388611024,1.661138897590675e-05
3.7299999999998374,0.999921,0.999904260114731,1.673988526895709e-05
3.7399999999998372,0.999925,0.9999079898725258,1.7010127474126335e-05
3.749999999999837,0.999927,0.9999115827147992,1.541728520082497e-05
3.759999999999837,0.999929,0.9999150433215019,1.3956678498017183e-05
3.7699999999998366,0.999937,0.9999183762262973,1.862377370265289e-05
3.7799999999998364,0.999938,0.9999215858206164,1.6414179383583694e-05
3.789999999999836,0.99994,0.9999246763576213,1.5323642378772817e-05
3.799999999999836,0.999942,0.9999276519560748,1.4348043925194176e-05
3.8099999999998357,0.999943,0.9999305166041201,1.2483395879892e-05
3.8199999999998355,0.999948,0.9999332741629703,1.4725837029661015e-05
3.8299999999998353,0.999955,0.999935928370511,1.90716294889981e-05
3.839999999999835,0.999956,0.9999384828448167,1.7517155183277566e-05
3.849999999999835,0.999958,0.999940941087581,1.7058912418987937e-05
3.8599999999998347,0.99996,0.9999433064874657,1.6693512534304844e-05
3.8699999999998345,0.999962,0.9999455823233663,1.641767663373983e-05
3.8799999999998342,0.999964,0.9999477717675982,1.6228232401771514e-05
3.889999999999834,0.999967,0.9999498778890038,1.7122110996248274e-05
3.899999999999834,0.999967,0.9999519036559824,1.5096344017639929e-05
